Fecha_Hora,Valor_PPM,Estado
2026-09-27 15:19:15,0,00,PRECALENTANDO
2026-09-27 15:19:16,0,00,PRECALENTANDO
2026-09-27 15:19:17,0,00,PRECALENTANDO
2026-09-27 15:19:18,19,99,OK
2026-09-27 15:19:19,20,00,OK
2026-09-27 15:19:20,19,99,OK
2026-09-27 15:19:21,19,98,OK
2026-09-27 15:19:22,19,98,OK
2026-09-27 15:19:23,19,97,OK
2026-09-27 15:19:24,19,96,OK
2026-09-27 15:19:25,19,95,OK
2026-09-27 15:19:26,19,94,OK
2026-09-27 15:19:27,19,95,OK
2026-09-27 15:19:28,19,95,OK
2026-09-27 15:19:29,19,96,OK
2026-09-27 15:19:30,19,96,OK
2026-09-27 15:19:31,19,95,OK
2026-09-27 15:19:32,19,96,OK
2026-09-27 15:19:33,19,97,OK
2026-09-27 15:19:34,19,97,OK
2026-09-27 15:19:35,19,97,OK
2026-09-27 15:19:36,19,96,OK
2026-09-27 15:19:37,19,98,OK
2026-09-27 15:19:38,19,98,OK
2026-09-27 15:19:39,19,98,OK
2026-09-27 15:19:40,19,98,OK
2026-09-27 15:19:41,19,98,OK
2026-09-27 15:19:42,19,97,OK
2026-09-27 15:19:43,19,99,OK
2026-09-27 15:19:44,19,99,OK
2026-09-27 15:19:45,19,99,OK
2026-09-27 15:19:46,20,00,OK
2026-09-27 15:19:47,19,99,OK
2026-09-27 15:19:48,20,01,OK
2026-09-27 15:19:49,20,01,OK
2026-09-27 15:19:50,20,00,OK
2026-09-27 15:19:51,20,00,OK
2026-09-27 15:19:52,20,00,OK
2026-09-27 15:19:53,20,01,OK
2026-09-27 15:19:54,20,01,OK
2026-09-27 15:19:55,20,02,OK
2026-09-27 15:19:56,20,03,OK
2026-09-27 15:19:57,20,03,OK
2026-09-27 15:19:58,20,05,OK
2026-09-27 15:19:59,20,04,OK
2026-09-27 15:20:00,20,04,OK
2026-09-27 15:20:01,20,05,OK
2026-09-27 15:20:02,20,06,OK
2026-09-27 15:20:03,20,06,OK
2026-09-27 15:20:04,20,07,OK
2026-09-27 15:20:05,20,07,OK
2026-09-27 15:20:07,20,07,OK
2026-09-27 15:20:08,20,07,OK
2026-09-27 15:20:09,20,07,OK
2026-09-27 15:20:10,20,07,OK
2026-09-27 15:20:11,20,07,OK
2026-09-27 15:20:12,20,07,OK
2026-09-27 15:20:13,20,09,OK
2026-09-27 15:20:14,20,11,OK
2026-09-27 15:20:15,20,11,OK
2026-09-27 15:20:16,20,10,OK
2026-09-27 15:20:17,20,09,OK
2026-09-27 15:20:18,20,08,OK
2026-09-27 15:20:19,20,09,OK
2026-09-27 15:20:20,20,09,OK
2026-09-27 15:20:21,20,09,OK
2026-09-27 15:20:22,20,07,OK
2026-09-27 15:20:23,20,08,OK
2026-09-27 15:20:24,20,09,OK
2026-09-27 15:20:25,20,08,OK
2026-09-27 15:20:26,20,03,OK
2026-09-27 15:20:27,20,03,OK
2026-09-27 15:20:28,20,03,OK
2026-09-27 15:20:29,20,04,OK
2026-09-27 15:20:30,20,04,OK
2026-09-27 15:20:31,20,03,OK
2026-09-27 15:20:32,20,02,OK
2026-09-27 15:20:33,20,04,OK
2026-09-27 15:20:34,20,05,OK
2026-09-27 15:20:35,20,05,OK
2026-09-27 15:20:36,20,07,OK
2026-09-27 15:20:37,20,09,OK
2026-09-27 15:20:38,20,10,OK
2026-09-27 15:20:39,20,11,OK
2026-09-27 15:20:40,20,11,OK
2026-09-27 15:20:41,20,10,OK
2026-09-27 15:20:42,20,10,OK
2026-09-27 15:20:43,20,11,OK
2026-09-27 15:20:44,20,12,OK
2026-09-27 15:20:45,20,14,OK
2026-09-27 15:20:46,20,14,OK
2026-09-27 15:20:47,20,14,OK
2026-09-27 15:20:48,20,15,OK
2026-09-27 15:20:49,20,15,OK
2026-09-27 15:20:50,20,15,OK
2026-09-27 15:20:51,20,14,OK
2026-09-27 15:20:52,20,14,OK
2026-09-27 15:20:53,20,14,OK
2026-09-27 15:20:54,20,14,OK
2026-09-27 15:20:55,20,13,OK
2026-09-27 15:20:56,20,13,OK
2026-09-27 15:20:57,20,14,OK
2026-09-27 15:20:58,20,16,OK
2026-09-27 15:20:59,20,15,OK
2026-09-27 15:21:00,20,16,OK
2026-09-27 15:21:01,20,16,OK
2026-09-27 15:21:02,20,16,OK
2026-09-27 15:21:03,20,16,OK
2026-09-27 15:21:04,20,16,OK
2026-09-27 15:21:05,20,16,OK
2026-09-27 15:21:06,20,16,OK
2026-09-27 15:21:07,20,15,OK
2026-09-27 15:21:08,20,17,OK
2026-09-27 15:21:09,20,17,OK
2026-09-27 15:21:10,20,17,OK
2026-09-27 15:21:11,20,17,OK
2026-09-27 15:21:12,20,17,OK
2026-09-27 15:21:13,20,18,OK
2026-09-27 15:21:14,20,18,OK
2026-09-27 15:21:16,20,18,OK
2026-09-27 15:21:17,20,17,OK
2026-09-27 15:21:18,20,15,OK
2026-09-27 15:21:19,20,14,OK
2026-09-27 15:21:20,20,15,OK
2026-09-27 15:21:21,20,15,OK
2026-09-27 15:21:22,20,14,OK
2026-09-27 15:21:23,20,14,OK
2026-09-27 15:21:24,20,14,OK
2026-09-27 15:21:25,20,15,OK
2026-09-27 15:21:26,20,15,OK
2026-09-27 15:21:27,20,16,OK
2026-09-27 15:21:28,20,16,OK
2026-09-27 15:21:29,20,14,OK
2026-09-27 15:21:30,20,16,OK
2026-09-27 15:21:31,20,15,OK
2026-09-27 15:21:32,20,13,OK
2026-09-27 15:21:33,20,14,OK
2026-09-27 15:21:34,20,14,OK
2026-09-27 15:21:35,20,13,OK
2026-09-27 15:21:36,20,13,OK
2026-09-27 15:21:37,20,13,OK
2026-09-27 15:21:38,20,13,OK
2026-09-27 15:21:39,20,11,OK
2026-09-27 15:21:40,20,14,OK
2026-09-27 15:21:41,20,14,OK
2026-09-27 15:21:42,20,15,OK
2026-09-27 15:21:43,20,13,OK
2026-09-27 15:21:44,20,14,OK
2026-09-27 15:21:45,20,14,OK
2026-09-27 15:21:46,20,15,OK
2026-09-27 15:21:47,20,14,OK
2026-09-27 15:21:48,20,14,OK
2026-09-27 15:21:49,20,14,OK
2026-09-27 15:21:50,20,15,OK
2026-09-27 15:21:51,20,15,OK
2026-09-27 15:21:52,20,15,OK
2026-09-27 15:21:53,20,14,OK
2026-09-27 15:21:54,20,12,OK
2026-09-27 15:21:55,20,14,OK
2026-09-27 15:21:56,20,16,OK
2026-09-27 15:21:57,20,15,OK
2026-09-27 15:21:58,20,15,OK
2026-09-27 15:21:59,20,16,OK
2026-09-27 15:22:00,20,15,OK
2026-09-27 15:22:01,20,14,OK
2026-09-27 15:22:02,20,12,OK
2026-09-27 15:22:03,20,10,OK
2026-09-27 15:22:04,20,13,OK
2026-09-27 15:22:05,20,13,OK
2026-09-27 15:22:06,20,12,OK
2026-09-27 15:22:07,20,12,OK
